,LSTM_units1,sequence,initial_learning_rate,decay_steps,clipnorm,score
0,160,140,0.0001,1000.0,0.1,0.2092534452676773
1,144,51,0.0001,10000.0,0.5,0.12477602064609528
2,192,156,0.001,10000.0,0.1,0.12409866601228714
3,16,167,0.001,1000.0,0.1,0.20279832184314728
4,144,120,0.01,10000.0,1.0,0.24759028851985931
