,LSTM_units1,sequence,initial_learning_rate,decay_steps,clipnorm,score
0,208,72,0.001,1000.0,0.1,2.0697686672210693
1,96,110,0.01,1000.0,1.0,2.1046273708343506
2,56,10,0.001,1000.0,0.5,1.559532642364502
3,208,183,0.001,1000.0,1.0,2.4596354961395264
4,136,10,0.01,10000.0,0.5,21.87445640563965
