,LSTM_units1,sequence,initial_learning_rate,decay_steps,clipnorm,score
0,120,188,0.001,1000.0,0.5,54.41783142089844
1,128,123,0.001,1000.0,0.5,31.408845901489258
2,32,49,0.01,10000.0,0.1,42.331626892089844
3,160,127,0.001,10000.0,0.5,39.55064010620117
4,72,146,0.0001,1000.0,1.0,101.78852081298828
