,LSTM_units1,sequence,initial_learning_rate,decay_steps,clipnorm,score
0,240,105,0.01,10000.0,1.0,53.27516555786133
1,232,135,0.0001,10000.0,1.0,56.174983978271484
2,144,172,0.0001,1000.0,0.1,107.39099884033203
3,144,74,0.0001,10000.0,0.5,86.26200103759766
4,80,91,0.0001,10000.0,0.5,256.54095458984375
