,LSTM_units1,sequence,initial_learning_rate,decay_steps,clipnorm,score
0,240,190,0.0001,1000.0,0.5,3.057029962539673
1,240,100,0.0001,10000.0,1.0,3.287038803100586
2,80,44,0.01,10000.0,1.0,5.652922630310059
3,208,171,0.001,10000.0,1.0,3.347210645675659
4,16,51,0.0001,1000.0,0.1,12.901626586914062
